{"SPY": {"c": 678.1401, "d": 6.3801, "dp": 0.9498, "h": 678.46, "l": 673.21, "o": 673.21, "pc": 671.76, "t": 1761327756}, "SMH": {"c": 352.14, "d": 7.34, "dp": 2.1288, "h": 352.94, "l": 346.88, "o": 346.88, "pc": 344.8, "t": 1761327754}, "ABAT": {"c": 6.16945, "d": 0.54945, "dp": 9.7767, "h": 6.53, "l": 5.69, "o": 5.69, "pc": 5.62, "t": 1761327753}, "UUUU": {"c": 20.93, "d": -0.33, "dp": -1.5522, "h": 22.85, "l": 20.37, "o": 21.76, "pc": 21.26, "t": 1761327755}, "ALAB": {"c": 167.095, "d": 3.455, "dp": 2.1113, "h": 170.2, "l": 163.64, "o": 163.64, "pc": 163.64, "t": 1761327754}, "JD": {"c": 33.245, "d": 0.065, "dp": 0.1959, "h": 33.55, "l": 33.07, "o": 33.18, "pc": 33.18, "t": 1761327745}}