{"SPY": {"c": 685.465, "d": 0.225, "dp": 0.0328, "h": 687.225, "l": 684.92, "o": 684.92, "pc": 685.24, "t": 1761665486}, "SMH": {"c": 359.635, "d": -0.305, "dp": -0.0847, "h": 360.5, "l": 358.46, "o": 359.67, "pc": 359.94, "t": 1761665483}, "ABAT": {"c": 5.405, "d": 0.015, "dp": 0.2783, "h": 5.46, "l": 5.16, "o": 5.365, "pc": 5.39, "t": 1761665484}, "UUUU": {"c": 20.84, "d": 1.74, "dp": 9.1099, "h": 20.95, "l": 19.21, "o": 19.71, "pc": 19.1, "t": 1761665486}, "ALAB": {"c": 169.376513, "d": -0.903487, "dp": -0.5306, "h": 174.93, "l": 168.3664, "o": 171.71, "pc": 170.28, "t": 1761665467}, "JD": {"c": 34.105, "d": -0.095, "dp": -0.2778, "h": 34.18, "l": 33.69, "o": 33.69, "pc": 34.2, "t": 1761665479}}