{"SPY": {"c": 688.715, "d": 1.655, "dp": 0.2409, "h": 689.7, "l": 688.15, "o": 688.99, "pc": 687.06, "t": 1761747994}, "SMH": {"c": 370.475, "d": 7.365, "dp": 2.0283, "h": 372.7816, "l": 368.23, "o": 368.23, "pc": 363.11, "t": 1761747993}, "ABAT": {"c": 5.165, "d": 0.025, "dp": 0.4864, "h": 5.25, "l": 5.01, "o": 5.17, "pc": 5.14, "t": 1761747987}, "UUUU": {"c": 19.95, "d": -0.08, "dp": -0.3994, "h": 20.077, "l": 19.151, "o": 19.62, "pc": 20.03, "t": 1761747994}, "ALAB": {"c": 172.5101, "d": 4.2601, "dp": 2.532, "h": 174.1, "l": 169.96, "o": 170.99, "pc": 168.25, "t": 1761747993}, "JD": {"c": 34.904184, "d": 0.374184, "dp": 1.0836, "h": 35.0588, "l": 34.562, "o": 34.73, "pc": 34.53, "t": 1761747993}}