{"SPY": {"c": 672.22, "d": 0.92, "dp": 0.137, "h": 672.99, "l": 669.981, "o": 670.72, "pc": 671.3, "t": 1761069818}, "SMH": {"c": 345.760599, "d": -1.459401, "dp": -0.4203, "h": 347.22, "l": 343.16, "o": 347.22, "pc": 347.22, "t": 1761069812}, "ABAT": {"c": 6.0844, "d": -0.6356, "dp": -9.4583, "h": 7.2, "l": 6.04, "o": 7.2, "pc": 6.72, "t": 1761069819}, "UUUU": {"c": 20.6199, "d": -1.9601, "dp": -8.6807, "h": 22.49, "l": 20.55, "o": 22.49, "pc": 22.58, "t": 1761069817}, "ALAB": {"c": 158.185, "d": 1.875, "dp": 1.1995, "h": 161.1951, "l": 150.33, "o": 155.93, "pc": 156.31, "t": 1761069807}, "JD": {"c": 32.92, "d": -0.84, "dp": -2.4882, "h": 33.28, "l": 32.76, "o": 33.28, "pc": 33.76, "t": 1761069815}}