{"SPY": {"c": 689, "d": 1.94, "dp": 0.2824, "h": 689.7, "l": 688.15, "o": 688.99, "pc": 687.06, "t": 1761747812}, "SMH": {"c": 370.73, "d": 7.62, "dp": 2.0985, "h": 372.7816, "l": 368.23, "o": 368.23, "pc": 363.11, "t": 1761747812}, "ABAT": {"c": 5.1601, "d": 0.0201, "dp": 0.3911, "h": 5.25, "l": 5.01, "o": 5.17, "pc": 5.14, "t": 1761747800}, "UUUU": {"c": 19.95, "d": -0.08, "dp": -0.3994, "h": 20.077, "l": 19.151, "o": 19.62, "pc": 20.03, "t": 1761747811}, "ALAB": {"c": 173.32, "d": 5.07, "dp": 3.0134, "h": 174.1, "l": 169.96, "o": 170.99, "pc": 168.25, "t": 1761747811}, "JD": {"c": 34.967707, "d": 0.437707, "dp": 1.2676, "h": 35.0588, "l": 34.562, "o": 34.73, "pc": 34.53, "t": 1761747812}}