{"SPY": {"c": 678.37, "d": 6.61, "dp": 0.984, "h": 678.46, "l": 673.21, "o": 673.21, "pc": 671.76, "t": 1761332749}, "SMH": {"c": 352.2, "d": 7.4, "dp": 2.1462, "h": 352.94, "l": 346.88, "o": 346.88, "pc": 344.8, "t": 1761332749}, "ABAT": {"c": 6.0683, "d": 0.4483, "dp": 7.9769, "h": 6.53, "l": 5.69, "o": 5.69, "pc": 5.62, "t": 1761332750}, "UUUU": {"c": 20.485, "d": -0.775, "dp": -3.6453, "h": 22.85, "l": 20.37, "o": 21.76, "pc": 21.26, "t": 1761332750}, "ALAB": {"c": 165.075, "d": 1.435, "dp": 0.8769, "h": 170.2, "l": 163.64, "o": 163.64, "pc": 163.64, "t": 1761332750}, "JD": {"c": 33.120602, "d": -0.059398, "dp": -0.179, "h": 33.55, "l": 33.07, "o": 33.18, "pc": 33.18, "t": 1761332748}}