{"SPY": {"c": 672.52, "d": 4.72, "dp": 0.7068, "h": 672.55, "l": 667.8, "o": 668.81, "pc": 667.8, "t": 1761244134}, "SMH": {"c": 345.36, "d": 6.76, "dp": 1.9965, "h": 345.68, "l": 336.725, "o": 340.13, "pc": 338.6, "t": 1761244133}, "ABAT": {"c": 5.773368, "d": -0.166632, "dp": -2.8053, "h": 6.215, "l": 5.74, "o": 6.12, "pc": 5.94, "t": 1761244130}, "UUUU": {"c": 22.005, "d": -0.735, "dp": -3.2322, "h": 23.41, "l": 21.42, "o": 23.18, "pc": 22.74, "t": 1761244133}, "ALAB": {"c": 165.005, "d": 10.155, "dp": 6.558, "h": 165.24, "l": 154.89, "o": 157.14, "pc": 154.85, "t": 1761244131}, "JD": {"c": 33.22, "d": 0.76, "dp": 2.3413, "h": 33.35, "l": 32.82, "o": 33.12, "pc": 32.46, "t": 1761244123}}