{"SPY": {"c": 670.23, "d": 2.43, "dp": 0.3639, "h": 670.74, "l": 667.8, "o": 668.81, "pc": 667.8, "t": 1761231638}, "SMH": {"c": 343.855, "d": 5.255, "dp": 1.552, "h": 344.2, "l": 336.725, "o": 340.13, "pc": 338.6, "t": 1761231629}, "ABAT": {"c": 6.11, "d": 0.17, "dp": 2.862, "h": 6.21, "l": 5.86, "o": 6.12, "pc": 5.94, "t": 1761231628}, "UUUU": {"c": 22.53, "d": -0.21, "dp": -0.9235, "h": 23.41, "l": 21.81, "o": 23.18, "pc": 22.74, "t": 1761231635}, "ALAB": {"c": 163.601867, "d": 8.751867, "dp": 5.6518, "h": 164.2, "l": 154.89, "o": 157.14, "pc": 154.85, "t": 1761231637}, "JD": {"c": 33.085, "d": 0.625, "dp": 1.9254, "h": 33.29, "l": 32.82, "o": 33.12, "pc": 32.46, "t": 1761231634}}