{"SPY": {"c": 666.17, "d": -5.12, "dp": -0.7627, "h": 672.26, "l": 663.3, "o": 672.26, "pc": 671.29, "t": 1761158647}, "SMH": {"c": 335.595, "d": -9.705, "dp": -2.8106, "h": 344.86, "l": 332.4, "o": 343.87, "pc": 345.3, "t": 1761158646}, "ABAT": {"c": 5.665, "d": -0.435, "dp": -7.1311, "h": 6.39, "l": 5.4701, "o": 5.68, "pc": 6.1, "t": 1761158646}, "UUUU": {"c": 22.42, "d": 1.79, "dp": 8.6767, "h": 22.47, "l": 18.76, "o": 18.89, "pc": 20.63, "t": 1761158647}, "ALAB": {"c": 152.259983, "d": -5.250017, "dp": -3.3331, "h": 158.27, "l": 148.51, "o": 158.01, "pc": 157.51, "t": 1761158647}, "JD": {"c": 32.365, "d": -0.465, "dp": -1.4164, "h": 32.865, "l": 32.165, "o": 32.71, "pc": 32.83, "t": 1761158635}}