{"SPY": {"c": 671.2677, "d": -0.0323, "dp": -0.0048, "h": 672.99, "l": 669.981, "o": 670.72, "pc": 671.3, "t": 1761067625}, "SMH": {"c": 344.89, "d": -2.33, "dp": -0.671, "h": 347.22, "l": 343.16, "o": 347.22, "pc": 347.22, "t": 1761067621}, "ABAT": {"c": 6.225, "d": -0.495, "dp": -7.3661, "h": 7.2, "l": 6.045, "o": 7.2, "pc": 6.72, "t": 1761067605}, "UUUU": {"c": 20.705, "d": -1.875, "dp": -8.3038, "h": 22.49, "l": 20.58, "o": 22.49, "pc": 22.58, "t": 1761067625}, "ALAB": {"c": 157.125, "d": 0.815, "dp": 0.5214, "h": 161.1951, "l": 150.33, "o": 155.93, "pc": 156.31, "t": 1761067625}, "JD": {"c": 32.858348, "d": -0.901652, "dp": -2.6708, "h": 33.28, "l": 32.76, "o": 33.28, "pc": 33.76, "t": 1761067617}}