{"SPY": {"c": 670.85, "d": -0.44, "dp": -0.0655, "h": 672.26, "l": 670.45, "o": 672.26, "pc": 671.29, "t": 1761140311}, "SMH": {"c": 342.41, "d": -2.89, "dp": -0.837, "h": 343.26, "l": 341.7117, "o": 342.86, "pc": 345.3, "t": 1761140310}, "ABAT": {"c": 5.667114, "d": -0.432886, "dp": -7.0965, "h": 5.95, "l": 5.65, "o": 5.78, "pc": 6.1, "t": 1761140311}, "UUUU": {"c": 19.94, "d": -0.69, "dp": -3.3446, "h": 20.1, "l": 18.76, "o": 18.89, "pc": 20.63, "t": 1761140311}, "ALAB": {"c": 155.385, "d": -2.125, "dp": -1.3491, "h": 158.01, "l": 152.28, "o": 158.01, "pc": 157.51, "t": 1761140306}, "JD": {"c": 32.74, "d": -0.09, "dp": -0.2741, "h": 32.775, "l": 32.58, "o": 32.71, "pc": 32.83, "t": 1761140311}}