{"SPY": {"c": 683.07, "d": 5.82, "dp": 0.8594, "h": 683.61, "l": 682.115, "o": 682.75, "pc": 677.25, "t": 1761578698}, "SMH": {"c": 359.2, "d": 8.06, "dp": 2.2954, "h": 360.6, "l": 356.21, "o": 357.21, "pc": 351.14, "t": 1761578696}, "ABAT": {"c": 5.3469, "d": -0.6331, "dp": -10.587, "h": 6.009, "l": 5.15, "o": 5.98, "pc": 5.98, "t": 1761578693}, "UUUU": {"c": 18.2917, "d": -3.0783, "dp": -14.4048, "h": 20.26, "l": 17.78, "o": 20.1, "pc": 21.37, "t": 1761578698}, "ALAB": {"c": 170.322026, "d": 5.352026, "dp": 3.2442, "h": 174.23, "l": 168, "o": 170.86, "pc": 164.97, "t": 1761578691}, "JD": {"c": 34.0919, "d": 0.9019, "dp": 2.7174, "h": 34.38, "l": 33.99, "o": 33.99, "pc": 33.19, "t": 1761578696}}