{"SPY": {"c": 669.68, "d": 1.88, "dp": 0.2815, "h": 670.74, "l": 667.8, "o": 668.81, "pc": 667.8, "t": 1761232595}, "SMH": {"c": 343.545, "d": 4.945, "dp": 1.4604, "h": 344.2, "l": 336.725, "o": 340.13, "pc": 338.6, "t": 1761232594}, "ABAT": {"c": 6.086795, "d": 0.146795, "dp": 2.4713, "h": 6.21, "l": 5.86, "o": 6.12, "pc": 5.94, "t": 1761232593}, "UUUU": {"c": 22.0601, "d": -0.6799, "dp": -2.9899, "h": 23.41, "l": 21.81, "o": 23.18, "pc": 22.74, "t": 1761232594}, "ALAB": {"c": 163.4, "d": 8.55, "dp": 5.5215, "h": 164.2, "l": 154.89, "o": 157.14, "pc": 154.85, "t": 1761232579}, "JD": {"c": 33.16, "d": 0.7, "dp": 2.1565, "h": 33.29, "l": 32.82, "o": 33.12, "pc": 32.46, "t": 1761232568}}