{"SPY": {"c": 677.04, "d": 5.28, "dp": 0.786, "h": 677.94, "l": 673.21, "o": 673.21, "pc": 671.76, "t": 1761318718}, "SMH": {"c": 350.99, "d": 6.19, "dp": 1.7952, "h": 352.94, "l": 346.88, "o": 346.88, "pc": 344.8, "t": 1761318707}, "ABAT": {"c": 5.92, "d": 0.3, "dp": 5.3381, "h": 6.53, "l": 5.69, "o": 5.69, "pc": 5.62, "t": 1761318718}, "UUUU": {"c": 20.945, "d": -0.315, "dp": -1.4817, "h": 22.85, "l": 20.37, "o": 21.76, "pc": 21.26, "t": 1761318717}, "ALAB": {"c": 169.4, "d": 5.76, "dp": 3.5199, "h": 170.2, "l": 163.64, "o": 163.64, "pc": 163.64, "t": 1761318705}, "JD": {"c": 33.287949, "d": 0.107949, "dp": 0.3253, "h": 33.55, "l": 33.14, "o": 33.18, "pc": 33.18, "t": 1761318707}}