{"SPY": {"c": 672.24, "d": 4.44, "dp": 0.6649, "h": 672.55, "l": 667.8, "o": 668.81, "pc": 667.8, "t": 1761243006}, "SMH": {"c": 344.96, "d": 6.36, "dp": 1.8783, "h": 345.68, "l": 336.725, "o": 340.13, "pc": 338.6, "t": 1761243006}, "ABAT": {"c": 5.76, "d": -0.18, "dp": -3.0303, "h": 6.215, "l": 5.76, "o": 6.12, "pc": 5.94, "t": 1761242998}, "UUUU": {"c": 21.665837, "d": -1.074163, "dp": -4.7237, "h": 23.41, "l": 21.42, "o": 23.18, "pc": 22.74, "t": 1761243002}, "ALAB": {"c": 164.29, "d": 9.44, "dp": 6.0962, "h": 165.09, "l": 154.89, "o": 157.14, "pc": 154.85, "t": 1761242989}, "JD": {"c": 33.2, "d": 0.74, "dp": 2.2797, "h": 33.35, "l": 32.82, "o": 33.12, "pc": 32.46, "t": 1761242996}}